lat,lon,borough
51.53326,-0.12451,Camden
51.53727,-0.12466,Camden
51.539,-0.12404,Camden
51.54254,-0.12584,Camden
51.52418,-0.116598,Camden
51.526266,-0.122775,Camden
51.52908,-0.12269,Camden
51.521978,-0.110088,Camden
51.530076,-0.121063,Camden
51.521085,-0.107297,Camden
51.523672,-0.119064,Camden
51.526253,-0.126081,Camden
51.525608,-0.124792,Camden
51.527382,-0.117834,Camden
51.52834,-0.119375,Camden
51.525934,-0.114523,Camden
51.522722,-0.115794,Camden
51.523334,-0.12397,Camden
51.524663,-0.124917,Camden
51.525826,-0.118414,Camden
51.527464,-0.124216,Camden
51.517873,-0.108168,Camden
51.518194,-0.111783,Camden
51.517366,-0.127117,Camden
51.52206,-0.13621,Camden
51.516526,-0.129131,Camden
51.522751,-0.131646,Camden
51.519308,-0.108425,Camden
51.519623,-0.135941,Camden
51.524976,-0.132273,Camden
51.52216,-0.13983,Camden
51.518072,-0.134154,Camden
51.51887,-0.131574,Camden
51.517495,-0.129139,Camden
51.51997,-0.110948,Camden
51.520536,-0.117785,Camden
51.517653,-0.118601,Camden
51.517754,-0.121534,Camden
51.52185,-0.117147,Camden
51.519535,-0.11208,Camden
51.516098,-0.114701,Camden
51.522747,-0.125819,Camden
51.521073,-0.125222,Camden
51.513836,-0.125869,Camden
51.51472,-0.124815,Camden
51.520227,-0.128819,Camden
51.516455,-0.127425,Camden
51.515578,-0.127128,Camden
51.518334,-0.122878,Camden
51.519077,-0.115377,Camden
51.52312,-0.138079,Camden
51.517815,-0.126539,Camden
51.517699,-0.128162,Camden
51.52673,-0.130895,Camden
51.521543,-0.121802,Camden
51.514817,-0.12202,Camden
51.519364,-0.119046,Camden
51.5131,-0.12756,Camden
51.523878,-0.134454,Camden
51.520862,-0.115992,Camden
51.520865,-0.132773,Camden
51.518052,-0.123924,Camden
51.519089,-0.12459,Camden
51.528703,-0.13239,Camden
51.532318,-0.128012,Camden
51.534306,-0.125926,Camden
51.524852,-0.143104,Camden
51.526387,-0.139041,Camden
51.537441,-0.132911,Camden
51.538112,-0.130661,Camden
51.533957,-0.138051,Camden
51.535296,-0.133143,Camden
51.525873,-0.142804,Camden
51.528581,-0.143945,Camden
51.53353,-0.138802,Camden
51.537075,-0.135827,Camden
51.533614,-0.134123,Camden
51.540383,-0.131716,Camden
51.536343,-0.143321,Camden
51.539259,-0.141263,Camden
51.538242,-0.14372,Camden
51.539247,-0.144536,Camden
51.540064,-0.146515,Camden
51.540171,-0.143409,Camden
51.542256,-0.145178,Camden
51.543296,-0.131225,Camden
51.544133,-0.136706,Camden
51.542812,-0.141448,Camden
51.545379,-0.141237,Camden
51.547985,-0.141018,Camden
51.537348,-0.146648,Camden
51.546162,-0.134148,Camden
51.545128,-0.144052,Camden
51.5457,-0.127483,Camden
51.540406,-0.159763,Camden
51.540126,-0.150568,Camden
51.542814,-0.15548,Camden
51.541749,-0.139372,Camden
51.547643,-0.128165,Camden
51.538525,-0.155236,Camden
51.55024,-0.16417,Camden
51.54625,-0.16201,Camden
51.54772,-0.16696,Camden
51.5424,-0.16234,Camden
51.54413,-0.17329,Camden
51.54882,-0.171,Camden
51.54306,-0.16644,Camden
51.55492,-0.151,Camden
51.55081,-0.15527,Camden
51.5533,-0.16143,Camden
51.55408,-0.15421,Camden
51.55045,-0.1494,Camden
51.54269,-0.14714,Camden
51.54572,-0.15008,Camden
51.54688,-0.14894,Camden
51.54411,-0.1549,Camden
51.54593,-0.1547,Camden
51.54964,-0.14041,Camden
51.55658,-0.13859,Camden
51.54641,-0.14615,Camden
51.55106,-0.13522,Camden
51.54929,-0.13471,Camden
51.55193,-0.13799,Camden
51.55394,-0.13771,Camden
51.55225,-0.13251,Camden
51.54802,-0.13073,Camden
51.55512,-0.14162,Camden
51.5542,-0.1442,Camden
51.54989,-0.14437,Camden
51.54814,-0.1444,Camden
51.55453429,-0.171714912,Camden
51.55587972,-0.176835143,Camden
51.55642059,-0.178828116,Camden
51.5589068,-0.181327709,Camden
51.56274846,-0.189726674,Camden
51.55865797,-0.176208644,Camden
51.56169776,-0.150394556,Camden
51.56579,-0.15664,Camden
51.56984079,-0.151221684,Camden
51.57050219,-0.148601175,Camden
51.56594373,-0.146516607,Camden
51.5600275,-0.141548354,Camden
51.55999378,-0.172464826,Camden
51.55740128,-0.167921848,Camden
51.55534722,-0.166049613,Camden
51.55886603,-0.161530315,Camden
51.55670394,-0.159548999,Camden
51.55736032,-0.150058247,Camden
51.56013742,-0.149924894,Camden
51.56341442,-0.155159853,Camden
51.56085651,-0.1788539,Camden
51.55701627,-0.146177888,Camden
51.56415614,-0.143731636,Camden
51.54601131,-0.17985134,Camden
51.54644997,-0.190678361,Camden
51.54082586,-0.178665182,Camden
51.55202908,-0.192070073,Camden
51.55018655,-0.191145531,Camden
51.55114084,-0.200860598,Camden
51.55528243,-0.196734564,Camden
51.54403206,-0.182796639,Camden
51.54102902,-0.165390921,Camden
51.54215012,-0.180837799,Camden
51.55259683,-0.189542479,Camden
51.54012302,-0.19489788,Camden
51.53589887,-0.189876607,Camden
51.54748821,-0.203996507,Camden
51.54248697,-0.197849219,Camden
51.5506969,-0.20614442,Camden
51.55207801,-0.18069031,Camden
51.55567427,-0.178918875,Camden
51.55631293,-0.190369246,Camden
51.55820103,-0.194955256,Camden
51.5440797,-0.1882947,Camden
51.55441104,-0.207579155,Camden
51.55818449,-0.187898904,Camden
51.54968176,-0.175141902,Camden
51.54217387,-0.189069197,Camden
51.5554039,-0.211048528,Camden
51.54359478,-0.176204109,Camden
51.54043916,-0.188492472,Camden
51.54183523,-0.170917702,Camden
51.54694447,-0.172722696,Camden
51.53813288,-0.19109203,Camden
51.53813508,-0.184958604,Camden
51.54985935,-0.182483611,Camden
51.53121,-0.13006,Camden
51.5612,-0.18343,Camden
51.518466,-0.116716,Camden
51.519689,-0.137391,Camden
51.528516,-0.138981,Camden
51.53972,-0.12495,Camden
51.544618,-0.16692,Camden
51.55066,-0.158988,Camden
51.556085,-0.185545,Camden
51.547836,-0.156432,Camden
51.544253,-0.19645,Camden
51.549464,-0.177659,Camden
51.550927,-0.196251,Camden
51.546356,-0.185381,Camden
51.552539,-0.171983,Camden
51.560453,-0.145481,Camden
51.552096,-0.1522,Camden
51.547813,-0.135188,Camden
51.546689,-0.138087,Camden
51.544502,-0.159943,Camden
51.557912,-0.143429,Camden
51.54535,-0.130046,Camden
51.52464,-0.12921,Camden
51.531431,-0.142038,Camden
51.5391862,-0.1258368,Camden
51.510013,-0.085428,City and County of the City of London
51.510574,-0.083608,City and County of the City of London
51.509429,-0.081804,City and County of the City of London
51.512944,-0.076666,City and County of the City of London
51.513919,-0.079673,City and County of the City of London
51.515308,-0.076782,City and County of the City of London
51.516927,-0.081927,City and County of the City of London
51.51747,-0.08657,City and County of the City of London
51.519322,-0.088287,City and County of the City of London
51.520504,-0.090752,City and County of the City of London
51.517741,-0.093493,City and County of the City of London
51.517399,-0.093959,City and County of the City of London
51.516623,-0.094806,City and County of the City of London
51.516004,-0.093054,City and County of the City of London
51.51681,-0.089778,City and County of the City of London
51.513944,-0.092704,City and County of the City of London
51.512173,-0.093225,City and County of the City of London
51.51102,-0.092403,City and County of the City of London
51.510668,-0.091251,City and County of the City of London
51.511858,-0.098071,City and County of the City of London
51.512401,-0.099169,City and County of the City of London
51.51555,-0.099052,City and County of the City of London
51.515764,-0.099683,City and County of the City of London
51.518353,-0.100448,City and County of the City of London
51.52046,-0.097292,City and County of the City of London
51.518027,-0.10606,City and County of the City of London
51.51762,-0.10903,City and County of the City of London
51.517028,-0.110774,City and County of the City of London
51.516632,-0.103308,City and County of the City of London
51.515172,-0.106773,City and County of the City of London
51.511246,-0.106839,City and County of the City of London
51.5146288,-0.0824082,City and County of the City of London
51.51785,-0.11159,City and County of the City of London
51.51558,-0.10939,City and County of the City of London
51.51486,-0.1076,City and County of the City of London
51.51297,-0.09032,City and County of the City of London
51.5134,-0.07588,City and County of the City of London
51.5217,-0.09588,City and County of the City of London
51.51555,-0.09922,City and County of the City of London
51.51618,-0.09709,City and County of the City of London
51.51584,-0.09723,City and County of the City of London
51.51483,-0.0969,City and County of the City of London
51.5141,-0.09661,City and County of the City of London
51.51443,-0.09624,City and County of the City of London
51.51447,-0.096,City and County of the City of London
51.51414,-0.09398,City and County of the City of London
51.51385,-0.09318,City and County of the City of London
51.51299,-0.09864,City and County of the City of London
51.51223,-0.09663,City and County of the City of London
51.51237,-0.09568,City and County of the City of London
51.5125,-0.09387,City and County of the City of London
51.51521,-0.09294,City and County of the City of London
51.51638,-0.09136,City and County of the City of London
51.51879,-0.08843,City and County of the City of London
51.51024,-0.08525,City and County of the City of London
51.50955,-0.08058,City and County of the City of London
51.51136,-0.08303,City and County of the City of London
51.51162,-0.08184,City and County of the City of London
51.51147,-0.08147,City and County of the City of London
51.51172,-0.0801,City and County of the City of London
51.51193,-0.07774,City and County of the City of London
51.51244,-0.0756,City and County of the City of London
51.51361,-0.07604,City and County of the City of London
51.51353,-0.07923,City and County of the City of London
51.51562,-0.07613,City and County of the City of London
51.51616,-0.07736,City and County of the City of London
51.51646,-0.07973,City and County of the City of London
51.514359,-0.103493,City and County of the City of London
51.494856,-0.162695,Kensington and Chelsea
51.496733,-0.162782,Kensington and Chelsea
51.499878,-0.211869,Kensington and Chelsea
51.505433,-0.216413,Kensington and Chelsea
51.486687,-0.170991,Kensington and Chelsea
51.487439,-0.179677,Kensington and Chelsea
51.480073,-0.179568,Kensington and Chelsea
51.495197,-0.1788,Kensington and Chelsea
51.50639,-0.208799,Kensington and Chelsea
51.50815,-0.20316,Kensington and Chelsea
51.51386,-0.217531,Kensington and Chelsea
51.498765,-0.198251,Kensington and Chelsea
51.487273,-0.169386,Kensington and Chelsea
51.491736,-0.164534,Kensington and Chelsea
51.514222,-0.201441,Kensington and Chelsea
51.507087,-0.206183,Kensington and Chelsea
51.511537,-0.218188,Kensington and Chelsea
51.483788,-0.177106,Kensington and Chelsea
51.4938532,-0.1842361,Kensington and Chelsea
51.516495,-0.202425,Kensington and Chelsea
51.493937,-0.174676,Kensington and Chelsea
51.516775,-0.205864,Kensington and Chelsea
51.513302,-0.217812,Kensington and Chelsea
51.499805,-0.19647,Kensington and Chelsea
51.495895,-0.173606,Kensington and Chelsea
51.493771,-0.174756,Kensington and Chelsea
51.48756,-0.16817,Kensington and Chelsea
51.4863326,-0.1609493,Kensington and Chelsea
51.49259,-0.1582,Kensington and Chelsea
51.50358,-0.19175,Kensington and Chelsea
51.49916,-0.19844,Kensington and Chelsea
51.5078255,-0.1950063,Kensington and Chelsea
51.5143365,-0.2006587,Kensington and Chelsea
51.48411,-0.18403,Kensington and Chelsea
51.48924,-0.17592,Kensington and Chelsea
51.49325,-0.169,Kensington and Chelsea
51.51883389,-0.21714709,Kensington and Chelsea
51.51331373,-0.213937121,Kensington and Chelsea
51.49461305,-0.175880356,Kensington and Chelsea
51.49202,-0.15866,Kensington and Chelsea
51.500272,-0.15870538,Kensington and Chelsea
51.500496,-0.1609728,Kensington and Chelsea
51.498389,-0.16249835,Kensington and Chelsea
51.496984,-0.1680871,Kensington and Chelsea
51.495899,-0.167756,Kensington and Chelsea
51.493731,-0.15964603,Kensington and Chelsea
51.49212,-0.15668579,Kensington and Chelsea
51.490678,-0.16105102,Kensington and Chelsea
51.489275,-0.15875955,Kensington and Chelsea
51.490884,-0.16962807,Kensington and Chelsea
51.490304,-0.16763462,Kensington and Chelsea
51.48862,-0.16631934,Kensington and Chelsea
51.487014,-0.16423763,Kensington and Chelsea
51.48525,-0.16472616,Kensington and Chelsea
51.487031,-0.16020387,Kensington and Chelsea
51.484011,-0.16431499,Kensington and Chelsea
51.48402,-0.16777129,Kensington and Chelsea
51.48651,-0.16710976,Kensington and Chelsea
51.48819,-0.16682,Kensington and Chelsea
51.48715,-0.16967,Kensington and Chelsea
51.486884,-0.17088294,Kensington and Chelsea
51.482726,-0.17241752,Kensington and Chelsea
51.483324,-0.17674318,Kensington and Chelsea
51.484858,-0.17881364,Kensington and Chelsea
51.481665,-0.1851625,Kensington and Chelsea
51.48244,-0.18648,Kensington and Chelsea
51.484497,-0.18513648,Kensington and Chelsea
51.485212,-0.18307727,Kensington and Chelsea
51.48544,-0.18096534,Kensington and Chelsea
51.48922,-0.17306534,Kensington and Chelsea
51.488871,-0.17780389,Kensington and Chelsea
51.492558,-0.17258617,Kensington and Chelsea
51.49386,-0.17438,Kensington and Chelsea
51.493531,-0.17848243,Kensington and Chelsea
51.491576,-0.18062026,Kensington and Chelsea
51.490653,-0.18082986,Kensington and Chelsea
51.487809,-0.18239786,Kensington and Chelsea
51.4884,-0.18336826,Kensington and Chelsea
51.48624,-0.18678128,Kensington and Chelsea
51.48684,-0.19047,Kensington and Chelsea
51.488472,-0.1868656,Kensington and Chelsea
51.488095,-0.18922842,Kensington and Chelsea
51.488058,-0.19442971,Kensington and Chelsea
51.490531,-0.19734262,Kensington and Chelsea
51.490778,-0.19005841,Kensington and Chelsea
51.491025,-0.18801752,Kensington and Chelsea
51.498694,-0.17977493,Kensington and Chelsea
51.496949,-0.17971481,Kensington and Chelsea
51.497019,-0.18423576,Kensington and Chelsea
51.495961,-0.18499814,Kensington and Chelsea
51.493211,-0.18395492,Kensington and Chelsea
51.493015,-0.1875497,Kensington and Chelsea
51.493466,-0.18881391,Kensington and Chelsea
51.492312,-0.19270587,Kensington and Chelsea
51.49388,-0.1916,Kensington and Chelsea
51.495941,-0.19187082,Kensington and Chelsea
51.49497,-0.197042569,Kensington and Chelsea
51.495059,-0.20000201,Kensington and Chelsea
51.49753,-0.19771,Kensington and Chelsea
51.49693,-0.20459,Kensington and Chelsea
51.49767,-0.20847129,Kensington and Chelsea
51.498891,-0.21006588,Kensington and Chelsea
51.49855,-0.201334,Kensington and Chelsea
51.499831,-0.19807066,Kensington and Chelsea
51.49959,-0.19709,Kensington and Chelsea
51.50048,-0.19464,Kensington and Chelsea
51.501145,-0.19348027,Kensington and Chelsea
51.50157,-0.19154,Kensington and Chelsea
51.50202,-0.19052,Kensington and Chelsea
51.50243,-0.18788,Kensington and Chelsea
51.50148,-0.18718505,Kensington and Chelsea
51.501891,-0.18585757,Kensington and Chelsea
51.500404,-0.20260094,Kensington and Chelsea
51.502544,-0.19616256,Kensington and Chelsea
51.502865,-0.19068903,Kensington and Chelsea
51.505521,-0.1920536,Kensington and Chelsea
51.504382,-0.1957874,Kensington and Chelsea
51.504369,-0.19787723,Kensington and Chelsea
51.503521,-0.20762229,Kensington and Chelsea
51.505651,-0.19879209,Kensington and Chelsea
51.50538,-0.21334,Kensington and Chelsea
51.50579,-0.2116,Kensington and Chelsea
51.506803,-0.20409276,Kensington and Chelsea
51.507483,-0.20563672,Kensington and Chelsea
51.50861,-0.20351,Kensington and Chelsea
51.508731,-0.20084661,Kensington and Chelsea
51.509985,-0.19817443,Kensington and Chelsea
51.51101,-0.19985,Kensington and Chelsea
51.511438,-0.20084086,Kensington and Chelsea
51.511807,-0.20200808,Kensington and Chelsea
51.511577,-0.19704517,Kensington and Chelsea
51.514117,-0.19612,Kensington and Chelsea
51.513285,-0.19875041,Kensington and Chelsea
51.51296,-0.20037738,Kensington and Chelsea
51.513722,-0.20262443,Kensington and Chelsea
51.508633,-0.20794043,Kensington and Chelsea
51.50874,-0.21197119,Kensington and Chelsea
51.510386,-0.21144557,Kensington and Chelsea
51.51039,-0.21732,Kensington and Chelsea
51.510878,-0.2165567,Kensington and Chelsea
51.511959,-0.21846003,Kensington and Chelsea
51.51196,-0.21787,Kensington and Chelsea
51.511825,-0.21324828,Kensington and Chelsea
51.512715,-0.21142642,Kensington and Chelsea
51.513936,-0.21188303,Kensington and Chelsea
51.515114,-0.21780366,Kensington and Chelsea
51.51595,-0.21809,Kensington and Chelsea
51.515531,-0.20973074,Kensington and Chelsea
51.51513,-0.20854,Kensington and Chelsea
51.515041,-0.20473441,Kensington and Chelsea
51.515313,-0.20375804,Kensington and Chelsea
51.516818,-0.20098921,Kensington and Chelsea
51.517324,-0.20291505,Kensington and Chelsea
51.516492,-0.2067528,Kensington and Chelsea
51.517543,-0.20606294,Kensington and Chelsea
51.517018,-0.21412605,Kensington and Chelsea
51.518062,-0.21121695,Kensington and Chelsea
51.518336,-0.21029818,Kensington and Chelsea
51.5185,-0.20587,Kensington and Chelsea
51.520087,-0.20367113,Kensington and Chelsea
51.519664,-0.20658497,Kensington and Chelsea
51.519249,-0.21121369,Kensington and Chelsea
51.519369,-0.21732046,Kensington and Chelsea
51.520649,-0.21162009,Kensington and Chelsea
51.52117,-0.2096,Kensington and Chelsea
51.521261,-0.20577268,Kensington and Chelsea
51.52319,-0.20683,Kensington and Chelsea
51.524182,-0.20568668,Kensington and Chelsea
51.52205,-0.21093095,Kensington and Chelsea
51.522291,-0.21312699,Kensington and Chelsea
51.524045,-0.2143557,Kensington and Chelsea
51.524468,-0.21025957,Kensington and Chelsea
51.52587,-0.20859,Kensington and Chelsea
51.52636,-0.21461112,Kensington and Chelsea
51.524162,-0.22565273,Kensington and Chelsea
51.522662,-0.22215059,Kensington and Chelsea
51.519767,-0.22161469,Kensington and Chelsea
51.519602,-0.22381201,Kensington and Chelsea
51.521092,-0.22777566,Kensington and Chelsea
51.522131,-0.22632268,Kensington and Chelsea
51.52195,-0.22654,Kensington and Chelsea
51.50367,-0.21594,Kensington and Chelsea
51.4888032,-0.192246,Kensington and Chelsea
51.49368,-0.19687,Kensington and Chelsea
51.49664,-0.19227,Kensington and Chelsea
51.49541731,-0.17356934,Kensington and Chelsea
51.50389778,-0.210436748,Kensington and Chelsea
51.49443,-0.17434,Kensington and Chelsea
51.485854,-0.172769,Kensington and Chelsea
51.5012822,-0.1589722,Kensington and Chelsea
51.5130031,-0.2040186,Kensington and Chelsea
51.5049242,-0.2126849,Kensington and Chelsea
51.4977247,-0.2049508,Kensington and Chelsea
51.5071506,-0.2122541,Kensington and Chelsea
51.5120074,-0.2016159,Kensington and Chelsea
51.5089632,-0.2026463,Kensington and Chelsea
51.4859758,-0.1788035,Kensington and Chelsea
51.4895662,-0.1701215,Kensington and Chelsea
51.485338,-0.1752341,Kensington and Chelsea
51.5086957,-0.1969015,Kensington and Chelsea
51.49266,-0.15723,Kensington and Chelsea
51.492952,-0.157758101,Kensington and Chelsea
51.511279,-0.13033228,City of Westminster
51.496704,-0.13777202,City of Westminster
51.51354,-0.13450571,City of Westminster
51.51165,-0.12142519,City of Westminster
51.514917,-0.13457917,City of Westminster
51.510907,-0.13124102,City of Westminster
51.511389,-0.13042868,City of Westminster
51.515899,-0.18747739,City of Westminster
51.51716,-0.1513078,City of Westminster
51.514064,-0.13410957,City of Westminster
51.509832,-0.13315846,City of Westminster
51.4982,-0.14293,City of Westminster
51.4979,-0.135957,City of Westminster
51.4957,-0.126587,City of Westminster
51.4959,-0.12544,City of Westminster
51.5007,-0.127875,City of Westminster
51.4961,-0.132919,City of Westminster
51.5085,-0.136609,City of Westminster
51.5123,-0.146971,City of Westminster
51.5096,-0.15025,City of Westminster
51.5054,-0.150697,City of Westminster
51.5106,-0.147257,City of Westminster
51.5094,-0.124208,City of Westminster
51.5121,-0.117542,City of Westminster
51.5136,-0.121463,City of Westminster
51.5215,-0.143399,City of Westminster
51.5154,-0.147568,City of Westminster
51.5159,-0.139519,City of Westminster
51.493664,-0.1332284,City of Westminster
51.514277,-0.16815724,City of Westminster
51.515842,-0.16646579,City of Westminster
51.514526,-0.1582027,City of Westminster
51.511735,-0.12675397,City of Westminster
51.4983,-0.1306762,City of Westminster
51.4924,-0.147612,City of Westminster
51.5016,-0.175102,City of Westminster
51.5129,-0.19012,City of Westminster
51.5134,-0.187654,City of Westminster
51.5183,-0.170879,City of Westminster
51.5189,-0.174899,City of Westminster
51.526,-0.171087,City of Westminster
51.511763,-0.12685368,City of Westminster
51.496,-0.136003,City of Westminster
51.4968,-0.140827,City of Westminster
51.4998,-0.132048,City of Westminster
51.4973,-0.125789,City of Westminster
51.5071,-0.13885,City of Westminster
51.5084,-0.133679,City of Westminster
51.5084,-0.133477,City of Westminster
51.5127,-0.127775,City of Westminster
51.5079,-0.126411,City of Westminster
51.5078,-0.130258,City of Westminster
51.5127,-0.115233,City of Westminster
51.5139,-0.111758,City of Westminster
51.512,-0.17446,City of Westminster
51.5181,-0.156009,City of Westminster
51.5223,-0.145749,City of Westminster
51.5147,-0.155254,City of Westminster
51.5151,-0.156855,City of Westminster
51.5168,-0.145649,City of Westminster
51.5161,-0.144477,City of Westminster
51.512779,-0.1678282,City of Westminster
51.507913,-0.13351068,City of Westminster
51.515387,-0.16494193,City of Westminster
51.509756,-0.13125928,City of Westminster
51.518382,-0.16150643,City of Westminster
51.513092,-0.12447883,City of Westminster
51.52111,-0.15600554,City of Westminster
51.52147,-0.14915848,City of Westminster
51.522426,-0.14312308,City of Westminster
51.490455,-0.12991673,City of Westminster
51.496263,-0.12926124,City of Westminster
51.515869,-0.13844617,City of Westminster
51.498086,-0.13588597,City of Westminster
51.49396,-0.1399727,City of Westminster
51.520298,-0.13992318,City of Westminster
51.510343,-0.15468216,City of Westminster
51.511868,-0.14023776,City of Westminster
51.506608,-0.1351779,City of Westminster
51.5142,-0.11954752,City of Westminster
51.494807,-0.12819715,City of Westminster
51.492824,-0.13638873,City of Westminster
51.512794,-0.17566767,City of Westminster
51.511179,-0.11957105,City of Westminster
51.509918,-0.12560356,City of Westminster
51.503468,-0.14981592,City of Westminster
51.508077,-0.13985898,City of Westminster
51.490369,-0.12731299,City of Westminster
51.491959,-0.12893324,City of Westminster
51.509209,-0.13132492,City of Westminster
51.517459,-0.13555629,City of Westminster
51.512926,-0.12588363,City of Westminster
51.513077,-0.12182765,City of Westminster
51.511576,-0.17603335,City of Westminster
51.511231,-0.11941041,City of Westminster
51.507948,-0.1402245,City of Westminster
51.505233,-0.13805831,City of Westminster
51.519466,-0.14471372,City of Westminster
51.509696,-0.12688085,City of Westminster
51.513299,-0.12281293,City of Westminster
51.512072,-0.12704278,City of Westminster
51.515099,-0.11559027,City of Westminster
51.51513,-0.13269683,City of Westminster
51.514983,-0.13195337,City of Westminster
51.513291,-0.13579857,City of Westminster
51.511775,-0.12927435,City of Westminster
51.511036,-0.13593385,City of Westminster
51.510741,-0.1377473,City of Westminster
51.513761,-0.15187779,City of Westminster
51.515613,-0.15357559,City of Westminster
51.516659,-0.15317297,City of Westminster
51.51375,-0.14605571,City of Westminster
51.51789,-0.13885384,City of Westminster
51.515167,-0.14582522,City of Westminster
51.507721,-0.12714915,City of Westminster
51.51666,-0.15892377,City of Westminster
51.516193,-0.15555554,City of Westminster
51.514827,-0.14931246,City of Westminster
51.519024,-0.14177685,City of Westminster
51.51596,-0.13968195,City of Westminster
51.51439,-0.13873707,City of Westminster
51.512242,-0.15077192,City of Westminster
51.506281,-0.15086916,City of Westminster
51.506757,-0.1394516,City of Westminster
51.522255,-0.14594095,City of Westminster
51.50703,-0.12498715,City of Westminster
51.507491,-0.12848434,City of Westminster
51.494545,-0.13548298,City of Westminster
51.498151,-0.13602738,City of Westminster
51.515612,-0.13247533,City of Westminster
51.50766,-0.12723813,City of Westminster
51.51514,-0.14582631,City of Westminster
51.51727,-0.14461557,City of Westminster
51.4926,-0.143023,City of Westminster
51.4986,-0.157033,City of Westminster
51.5313,-0.187841,City of Westminster
51.5259,-0.192169,City of Westminster
51.5286,-0.169744,City of Westminster
51.5212,-0.192202,City of Westminster
51.513,-0.191178,City of Westminster
51.5149,-0.194862,City of Westminster
51.5114,-0.187384,City of Westminster
51.5103,-0.187926,City of Westminster
51.5193,-0.173333,City of Westminster
51.512951,-0.13759953,City of Westminster
51.501516,-0.17848103,City of Westminster
51.525092,-0.18010633,City of Westminster
51.490055,-0.14776615,City of Westminster
51.4985,-0.142753,City of Westminster
51.5124,-0.140583,City of Westminster
51.514,-0.148949,City of Westminster
51.505,-0.146532,City of Westminster
51.5143,-0.13611,City of Westminster
51.509,-0.129738,City of Westminster
51.5132,-0.115769,City of Westminster
51.5193,-0.156313,City of Westminster
51.5138,-0.155672,City of Westminster
51.5175,-0.134055,City of Westminster
51.51298,-0.15652122,City of Westminster
51.490901,-0.13138219,City of Westminster
51.518977,-0.15760515,City of Westminster
51.5188,-0.189199,City of Westminster
51.4983,-0.136018,City of Westminster
51.4948,-0.12849,City of Westminster
51.5077,-0.132835,City of Westminster
51.5137,-0.153784,City of Westminster
51.5102,-0.146579,City of Westminster
51.5103,-0.131355,City of Westminster
51.5127,-0.127079,City of Westminster
51.5183,-0.155856,City of Westminster
51.516,-0.145599,City of Westminster
51.5162,-0.1396,City of Westminster
51.5159,-0.139408,City of Westminster
51.5161,-0.140707,City of Westminster
51.498,-0.147324,City of Westminster
51.5152,-0.194347,City of Westminster
51.5163,-0.187153,City of Westminster
51.512368,-0.12583448,City of Westminster
51.525065,-0.18877126,City of Westminster
51.5067,-0.136967,City of Westminster
51.5148,-0.13185,City of Westminster
51.51,-0.1283,City of Westminster
51.5151,-0.117829,City of Westminster
51.5125,-0.120149,City of Westminster
51.513078,-0.15592635,City of Westminster
51.511162,-0.15013833,City of Westminster
51.514829,-0.13188761,City of Westminster
51.530864,-0.19985882,City of Westminster
51.522544,-0.18280259,City of Westminster
51.519472,-0.17779352,City of Westminster
51.534099,-0.17524853,City of Westminster
51.510793,-0.18584982,City of Westminster
51.492003,-0.15043858,City of Westminster
51.4967,-0.137796,City of Westminster
51.5078,-0.135075,City of Westminster
51.5122,-0.150669,City of Westminster
51.5095,-0.129916,City of Westminster
51.5112,-0.124943,City of Westminster
51.5144,-0.158079,City of Westminster
51.5166,-0.151961,City of Westminster
51.513035,-0.17266037,City of Westminster
51.5153,-0.188096,City of Westminster
51.5189,-0.175861,City of Westminster
51.530072,-0.18633787,City of Westminster
51.487686,-0.14351217,City of Westminster
51.4962,-0.137018,City of Westminster
51.4972,-0.139425,City of Westminster
51.4975,-0.135188,City of Westminster
51.5136,-0.135798,City of Westminster
51.507,-0.125555,City of Westminster
51.5193,-0.156164,City of Westminster
51.5171,-0.142849,City of Westminster
51.5246,-0.190097,City of Westminster
51.516,-0.188592,City of Westminster
51.510997,-0.13403316,City of Westminster
51.5066,-0.135508,City of Westminster
51.5074,-0.13619,City of Westminster
51.5121,-0.118839,City of Westminster
51.5134,-0.11594,City of Westminster
51.5178,-0.13802,City of Westminster
51.512767,-0.15844658,City of Westminster
51.5006,-0.177983,City of Westminster
51.524754,-0.18964851,City of Westminster
51.529711,-0.188906,City of Westminster
51.53178,-0.18227623,City of Westminster
51.528588,-0.18110587,City of Westminster
51.525412,-0.17519222,City of Westminster
51.523759,-0.17071746,City of Westminster
51.524035,-0.16306623,City of Westminster
51.525471,-0.16173985,City of Westminster
51.516328,-0.172788,City of Westminster
51.511552,-0.17622166,City of Westminster
51.516628,-0.18112113,City of Westminster
51.510715,-0.18369126,City of Westminster
51.513748,-0.18965254,City of Westminster
51.518795,-0.18981276,City of Westminster
51.51692,-0.19827552,City of Westminster
51.524794,-0.19398602,City of Westminster
51.523433,-0.18732243,City of Westminster
51.519874,-0.18456651,City of Westminster
51.52726,-0.2040808,City of Westminster
51.532715,-0.20382289,City of Westminster
51.530729,-0.2092499,City of Westminster
51.535166,-0.1843186,City of Westminster
51.539348,-0.1774035,City of Westminster
51.534831,-0.16971127,City of Westminster
51.535298,-0.16620316,City of Westminster
51.530384,-0.16766936,City of Westminster
51.522234,-0.16231707,City of Westminster
51.531622,-0.17498713,City of Westminster
51.527417,-0.21198923,City of Westminster
51.490046,-0.14207665,City of Westminster
51.496824,-0.14645447,City of Westminster
51.489775,-0.14771985,City of Westminster
51.491286,-0.14032643,City of Westminster
51.48852,-0.13604568,City of Westminster
51.489744,-0.13552042,City of Westminster
51.496234,-0.15071393,City of Westminster
51.49477,-0.15364004,City of Westminster
51.499199,-0.1550891,City of Westminster
51.500457,-0.16595951,City of Westminster
51.500869,-0.16810421,City of Westminster
51.500051,-0.17972087,City of Westminster
51.498491,-0.17420741,City of Westminster
51.524086,-0.15823505,City of Westminster
51.521017,-0.18058591,City of Westminster
51.522257,-0.18228067,City of Westminster
51.498176,-0.15354559,City of Westminster
51.50019,-0.15352183,City of Westminster
51.495072,-0.14829749,City of Westminster
51.491379,-0.14448574,City of Westminster
51.499214,-0.15206289,City of Westminster
51.518012,-0.19738202,City of Westminster
51.512021,-0.18265933,City of Westminster
51.515393,-0.17396402,City of Westminster
51.538227,-0.17873167,City of Westminster
51.515641,-0.19405983,City of Westminster
51.486603,-0.1330991,City of Westminster
51.518339,-0.17083376,City of Westminster
51.531271,-0.21293397,City of Westminster
51.527917,-0.21351222,City of Westminster
51.529088,-0.21188052,City of Westminster
51.528544,-0.20747589,City of Westminster
51.531,-0.20397691,City of Westminster
51.528697,-0.19867563,City of Westminster
51.526527,-0.20139944,City of Westminster
51.526295,-0.19742974,City of Westminster
51.527604,-0.19019862,City of Westminster
51.535481,-0.18605078,City of Westminster
51.536717,-0.17244739,City of Westminster
51.53577,-0.16128171,City of Westminster
51.524417,-0.20453866,City of Westminster
51.519682,-0.18434353,City of Westminster
51.513958,-0.19337696,City of Westminster
51.513687,-0.1753149,City of Westminster
51.523315,-0.15614709,City of Westminster
51.497186,-0.14946524,City of Westminster
51.498529,-0.15307032,City of Westminster
51.50119283,-0.174707348,City of Westminster
51.518045,-0.19305671,City of Westminster
51.525108,-0.18868304,City of Westminster
51.530411,-0.16765387,City of Westminster
51.5123,-0.114132,City of Westminster
51.529764,-0.18622034,City of Westminster
51.532074,-0.20247843,City of Westminster
51.501691,-0.16837381,City of Westminster
51.5137,-0.137384,City of Westminster
51.5136,-0.117766,City of Westminster
51.4908,-0.150037,City of Westminster
51.4992,-0.15195,City of Westminster
51.5231,-0.164631,City of Westminster
51.507,-0.134356,City of Westminster
51.513,-0.117786,City of Westminster
51.520145,-0.20160761,City of Westminster
51.514538,-0.1814638,City of Westminster
51.5065,-0.132133,City of Westminster
51.5112,-0.138551,City of Westminster
51.5103,-0.126067,City of Westminster
51.5162,-0.140673,City of Westminster
51.526,-0.171646,City of Westminster
51.5232,-0.18393,City of Westminster
51.522915,-0.2010084,City of Westminster
51.493122,-0.1432625,City of Westminster
51.506328,-0.13223534,City of Westminster
51.515401,-0.11700469,City of Westminster
51.511857,-0.19240805,City of Westminster
51.52714,-0.18398918,City of Westminster
51.532641,-0.18969608,City of Westminster
51.515,-0.13667,City of Westminster
51.531678,-0.17918047,City of Westminster
51.50036,-0.17008409,City of Westminster
51.5168,-0.18776,City of Westminster
51.5154,-0.117172,Camden
51.529649,-0.21566464,City of Westminster
51.5109,-0.118882,City of Westminster
51.4965,-0.12562,City of Westminster
51.513796,-0.11789235,City of Westminster
51.511213,-0.14141737,City of Westminster
51.515773,-0.14319189,City of Westminster
51.514,-0.143412,City of Westminster
51.52522,-0.16404209,City of Westminster
51.52204,-0.15104,City of Westminster
51.530398,-0.17724194,City of Westminster
51.52029,-0.17464,City of Westminster
51.5049,-0.15065,City of Westminster
51.50592,-0.14923,City of Westminster
51.50941,-0.14861,City of Westminster
51.51044,-0.14949,City of Westminster
51.51222,-0.1412,City of Westminster
51.51308,-0.13357,City of Westminster
51.51862,-0.15124,City of Westminster
51.51935,-0.14763,City of Westminster
51.52039,-0.14902,City of Westminster
51.52287,-0.15124,City of Westminster
51.52133,-0.15216,City of Westminster
51.51765,-0.15542,City of Westminster
51.51817,-0.15723,City of Westminster
51.51944,-0.15664,City of Westminster
51.51947,-0.15601,City of Westminster
51.52043,-0.15684,City of Westminster
51.52101,-0.15709,City of Westminster
51.52232,-0.15575,City of Westminster
51.52312,-0.1663,City of Westminster
51.5133,-0.19103,City of Westminster
51.51643,-0.15473,City of Westminster
51.51626,-0.15507,City of Westminster
51.51059,-0.12168,City of Westminster
51.53203,-0.12522,Camden
51.52178,-0.12935,Camden
51.52212,-0.1285,Camden
51.52279,-0.12953,Camden
51.52584,-0.13351,Camden
51.52439,-0.14185,Camden
51.52504,-0.13938,Camden
51.52597,-0.14085,Camden
51.52562,-0.13279,Camden
51.51777,-0.13162,Camden
51.51667,-0.13036,Camden
51.5162,-0.13041,City of Westminster
51.52309,-0.1218,Camden
51.52238,-0.11894,Camden
51.528565,-0.12582,Camden
